{
    "spectrogram": {
        "0": {
            "accuracy": 0.4642857142857143,
            "class_precision": {
                "blues": 0.5,
                "classical": 0.8435374149659864,
                "country": 0.4583333333333333,
                "disco": 0.3394495412844037,
                "hiphop": 0.2631578947368421,
                "jazz": 0.4606741573033708,
                "metal": 0.7935483870967742,
                "pop": 0.36807817589576547,
                "reggae": 0.413265306122449,
                "rock": 0.12
            },
            "class_recall": {
                "blues": 0.19285714285714287,
                "classical": 0.8857142857142857,
                "country": 0.2357142857142857,
                "disco": 0.2642857142857143,
                "hiphop": 0.10714285714285714,
                "jazz": 0.5857142857142857,
                "metal": 0.8785714285714286,
                "pop": 0.8071428571428572,
                "reggae": 0.5785714285714286,
                "rock": 0.10714285714285714
            }
        }
    },
    "mel_map": {
        "0": {
            "accuracy": 0.43785714285714283,
            "class_precision": {
                "blues": 0.6190476190476191,
                "classical": 0.7297297297297297,
                "country": 0.3697478991596639,
                "disco": 0.34615384615384615,
                "hiphop": 0.28125,
                "jazz": 0.4027777777777778,
                "metal": 0.7297297297297297,
                "pop": 0.3438485804416404,
                "reggae": 0.38341968911917096,
                "rock": 0.183206106870229
            },
            "class_recall": {
                "blues": 0.37142857142857144,
                "classical": 0.7714285714285715,
                "country": 0.3142857142857143,
                "disco": 0.12857142857142856,
                "hiphop": 0.12857142857142856,
                "jazz": 0.4142857142857143,
                "metal": 0.7714285714285715,
                "pop": 0.7785714285714286,
                "reggae": 0.5285714285714286,
                "rock": 0.17142857142857143
            }
        },
        "45": {
            "accuracy": 0.40214285714285714,
            "class_precision": {
                "blues": 0.49056603773584906,
                "classical": 0.6148648648648649,
                "country": 0.2571428571428571,
                "disco": 0.23404255319148937,
                "hiphop": 0.25,
                "jazz": 0.39436619718309857,
                "metal": 0.7592592592592593,
                "pop": 0.3778501628664495,
                "reggae": 0.3558282208588957,
                "rock": 0.15671641791044777
            },
            "class_recall": {
                "blues": 0.18571428571428572,
                "classical": 0.65,
                "country": 0.19285714285714287,
                "disco": 0.15714285714285714,
                "hiphop": 0.16428571428571428,
                "jazz": 0.4,
                "metal": 0.8785714285714286,
                "pop": 0.8285714285714286,
                "reggae": 0.4142857142857143,
                "rock": 0.15
            }
        },
        "90": {
            "accuracy": 0.38357142857142856,
            "class_precision": {
                "blues": 0.5147058823529411,
                "classical": 0.6694915254237288,
                "country": 0.28,
                "disco": 0.1643835616438356,
                "hiphop": 0.21705426356589147,
                "jazz": 0.37058823529411766,
                "metal": 0.7071428571428572,
                "pop": 0.37261146496815284,
                "reggae": 0.36423841059602646,
                "rock": 0.1728395061728395
            },
            "class_recall": {
                "blues": 0.25,
                "classical": 0.5642857142857143,
                "country": 0.15,
                "disco": 0.08571428571428572,
                "hiphop": 0.2,
                "jazz": 0.45,
                "metal": 0.7071428571428572,
                "pop": 0.8357142857142857,
                "reggae": 0.39285714285714285,
                "rock": 0.2
            }
        },
        "135": {
            "accuracy": 0.40285714285714286,
            "class_precision": {
                "blues": 0.5217391304347826,
                "classical": 0.6474358974358975,
                "country": 0.3391304347826087,
                "disco": 0.2608695652173913,
                "hiphop": 0.14545454545454545,
                "jazz": 0.39880952380952384,
                "metal": 0.7615894039735099,
                "pop": 0.3108974358974359,
                "reggae": 0.3333333333333333,
                "rock": 0.22413793103448276
            },
            "class_recall": {
                "blues": 0.17142857142857143,
                "classical": 0.7214285714285714,
                "country": 0.2785714285714286,
                "disco": 0.17142857142857143,
                "hiphop": 0.05714285714285714,
                "jazz": 0.4785714285714286,
                "metal": 0.8214285714285714,
                "pop": 0.6928571428571428,
                "reggae": 0.45,
                "rock": 0.18571428571428572
            }
        },
        "stacked": {
            "accuracy": 0.4392857142857143,
            "class_precision": {
                "blues": 0.4418604651162791,
                "classical": 0.6855345911949685,
                "country": 0.3691275167785235,
                "disco": 0.47368421052631576,
                "hiphop": 0.42528735632183906,
                "jazz": 0.4322033898305085,
                "metal": 0.7077922077922078,
                "pop": 0.358974358974359,
                "reggae": 0.36666666666666664,
                "rock": 0.11224489795918367
            },
            "class_recall": {
                "blues": 0.2714285714285714,
                "classical": 0.7785714285714286,
                "country": 0.39285714285714285,
                "disco": 0.19285714285714287,
                "hiphop": 0.2642857142857143,
                "jazz": 0.36428571428571427,
                "metal": 0.7785714285714286,
                "pop": 0.8,
                "reggae": 0.4714285714285714,
                "rock": 0.07857142857142857
            }
        }
    }
}