{
    "spectrogram": {
        "0": {
            "accuracy": 0.5,
            "class_precision": {
                "blues": 0.5,
                "classical": 0.9,
                "country": 1.0,
                "disco": 0.42857142857142855,
                "hiphop": 0.5,
                "jazz": 0.4666666666666667,
                "metal": 0.8181818181818182,
                "pop": 0.34782608695652173,
                "reggae": 0.4666666666666667,
                "rock": 0.09090909090909091
            }
        }
    },
    "mel_map": {
        "0": {
            "accuracy": 0.52,
            "class_precision": {
                "blues": 0.8333333333333334,
                "classical": 0.8181818181818182,
                "country": 0.5,
                "disco": 0.5,
                "hiphop": 0.3333333333333333,
                "jazz": 0.5454545454545454,
                "metal": 0.7692307692307693,
                "pop": 0.3076923076923077,
                "reggae": 0.42857142857142855,
                "rock": 0.25
            }
        },
        "45": {
            "accuracy": 0.42,
            "class_precision": {
                "blues": 0.5,
                "classical": 0.6153846153846154,
                "country": 0.2,
                "disco": 0.2,
                "hiphop": 0.2,
                "jazz": 0.5,
                "metal": 0.7692307692307693,
                "pop": 0.36,
                "reggae": 0.4166666666666667,
                "rock": 0.1
            }
        },
        "90": {
            "accuracy": 0.41,
            "class_precision": {
                "blues": 0.3333333333333333,
                "classical": 0.6666666666666666,
                "country": 0.0,
                "disco": 0.16666666666666666,
                "hiphop": 0.2727272727272727,
                "jazz": 0.5,
                "metal": 0.6923076923076923,
                "pop": 0.375,
                "reggae": 0.375,
                "rock": 0.1111111111111111
            }
        },
        "135": {
            "accuracy": 0.46,
            "class_precision": {
                "blues": 0.5,
                "classical": 0.6923076923076923,
                "country": 0.5,
                "disco": 0.2857142857142857,
                "hiphop": 0.0,
                "jazz": 0.5,
                "metal": 0.7692307692307693,
                "pop": 0.34782608695652173,
                "reggae": 0.3333333333333333,
                "rock": 0.2
            }
        },
        "stacked": {
            "accuracy": 0.5,
            "class_precision": {
                "blues": 0.6,
                "classical": 0.6,
                "country": 0.4444444444444444,
                "disco": 0.6666666666666666,
                "hiphop": 0.6,
                "jazz": 0.5,
                "metal": 0.7692307692307693,
                "pop": 0.32,
                "reggae": 0.5,
                "rock": 0.2
            }
        }
    }
}