{
    "stacked_final": {
        "accuracy": 0.3628571428571429,
        "class_precision": {
            "blues": 0.5373134328358209,
            "classical": 0.8282828282828283,
            "country": 0.32234432234432236,
            "disco": 0.13765182186234817,
            "hiphop": 0.19117647058823528,
            "jazz": 0.5107913669064749,
            "metal": 1.0,
            "pop": 0.4657534246575342,
            "reggae": 0.3404255319148936,
            "rock": 0.21176470588235294
        },
        "class_recall": {
            "blues": 0.2571428571428571,
            "classical": 0.5857142857142857,
            "country": 0.6285714285714286,
            "disco": 0.24285714285714285,
            "hiphop": 0.09285714285714286,
            "jazz": 0.5071428571428571,
            "metal": 0.14285714285714285,
            "pop": 0.24285714285714285,
            "reggae": 0.8,
            "rock": 0.12857142857142856
        }
    },
    "concatenated_final": {
        "accuracy": 0.5092857142857142,
        "class_precision": {
            "blues": 0.5086206896551724,
            "classical": 0.9007633587786259,
            "country": 0.5210084033613446,
            "disco": 0.2909090909090909,
            "hiphop": 0.23529411764705882,
            "jazz": 0.5496688741721855,
            "metal": 0.7919463087248322,
            "pop": 0.4416058394160584,
            "reggae": 0.4470588235294118,
            "rock": 0.2706766917293233
        },
        "class_recall": {
            "blues": 0.42142857142857143,
            "classical": 0.8428571428571429,
            "country": 0.44285714285714284,
            "disco": 0.11428571428571428,
            "hiphop": 0.17142857142857143,
            "jazz": 0.5928571428571429,
            "metal": 0.8428571428571429,
            "pop": 0.8642857142857143,
            "reggae": 0.5428571428571428,
            "rock": 0.2571428571428571
        }
    }
}