{
    "stacked_final": {
        "accuracy": 0.3628571428571429,
        "class_precision": {
            "blues": 0.5373134328358209,
            "classical": 0.8282828282828283,
            "country": 0.32234432234432236,
            "disco": 0.13765182186234817,
            "hiphop": 0.19117647058823528,
            "jazz": 0.5107913669064749,
            "metal": 1.0,
            "pop": 0.4657534246575342,
            "reggae": 0.3404255319148936,
            "rock": 0.21176470588235294
        },
        "class_recall": {
            "blues": 0.2571428571428571,
            "classical": 0.5857142857142857,
            "country": 0.6285714285714286,
            "disco": 0.24285714285714285,
            "hiphop": 0.09285714285714286,
            "jazz": 0.5071428571428571,
            "metal": 0.14285714285714285,
            "pop": 0.24285714285714285,
            "reggae": 0.8,
            "rock": 0.12857142857142856
        }
    },
    "stacked_architecture": {
        "accuracy": 0.3628571428571429,
        "class_precision": {
            "blues": 0.5373134328358209,
            "classical": 0.8282828282828283,
            "country": 0.32234432234432236,
            "disco": 0.13765182186234817,
            "hiphop": 0.19117647058823528,
            "jazz": 0.5107913669064749,
            "metal": 1.0,
            "pop": 0.4657534246575342,
            "reggae": 0.3404255319148936,
            "rock": 0.21176470588235294
        },
        "class_recall": {
            "blues": 0.2571428571428571,
            "classical": 0.5857142857142857,
            "country": 0.6285714285714286,
            "disco": 0.24285714285714285,
            "hiphop": 0.09285714285714286,
            "jazz": 0.5071428571428571,
            "metal": 0.14285714285714285,
            "pop": 0.24285714285714285,
            "reggae": 0.8,
            "rock": 0.12857142857142856
        }
    }
}