{
    "accuracy": 0.5442857142857143,
    "class_precision": {
        "blues": 0.5929203539823009,
        "classical": 0.9541984732824428,
        "country": 0.5555555555555556,
        "disco": 0.2962962962962963,
        "hiphop": 0.23809523809523808,
        "jazz": 0.5870967741935483,
        "metal": 0.8671328671328671,
        "pop": 0.436426116838488,
        "reggae": 0.4215686274509804,
        "rock": 0.36363636363636365
    },
    "class_recall": {
        "blues": 0.4785714285714286,
        "classical": 0.8928571428571429,
        "country": 0.5,
        "disco": 0.11428571428571428,
        "hiphop": 0.14285714285714285,
        "jazz": 0.65,
        "metal": 0.8857142857142857,
        "pop": 0.9071428571428571,
        "reggae": 0.6142857142857143,
        "rock": 0.2571428571428571
    }
}