{
    "stacked_final": {
        "accuracy": 0.5257142857142857,
        "class_precision": {
            "blues": 0.5982142857142857,
            "classical": 0.9291338582677166,
            "country": 0.48514851485148514,
            "disco": 0.2898550724637681,
            "hiphop": 0.24050632911392406,
            "jazz": 0.5838509316770186,
            "metal": 0.855072463768116,
            "pop": 0.45,
            "reggae": 0.41509433962264153,
            "rock": 0.30578512396694213
        },
        "class_recall": {
            "blues": 0.4785714285714286,
            "classical": 0.8428571428571429,
            "country": 0.35,
            "disco": 0.14285714285714285,
            "hiphop": 0.1357142857142857,
            "jazz": 0.6714285714285714,
            "metal": 0.8428571428571429,
            "pop": 0.9,
            "reggae": 0.6285714285714286,
            "rock": 0.2642857142857143
        }
    },
    "concatenated_final": {
        "accuracy": 0.5092857142857142,
        "class_precision": {
            "blues": 0.5086206896551724,
            "classical": 0.9007633587786259,
            "country": 0.5210084033613446,
            "disco": 0.2909090909090909,
            "hiphop": 0.23529411764705882,
            "jazz": 0.5496688741721855,
            "metal": 0.7919463087248322,
            "pop": 0.4416058394160584,
            "reggae": 0.4470588235294118,
            "rock": 0.2706766917293233
        },
        "class_recall": {
            "blues": 0.42142857142857143,
            "classical": 0.8428571428571429,
            "country": 0.44285714285714284,
            "disco": 0.11428571428571428,
            "hiphop": 0.17142857142857143,
            "jazz": 0.5928571428571429,
            "metal": 0.8428571428571429,
            "pop": 0.8642857142857143,
            "reggae": 0.5428571428571428,
            "rock": 0.2571428571428571
        }
    }
}