{
    "stacked_final": {
        "accuracy": 0.56,
        "class_precision": {
            "blues": 0.5454545454545454,
            "classical": 1.0,
            "country": 0.5,
            "disco": 0.3333333333333333,
            "hiphop": 0.0,
            "jazz": 0.7272727272727273,
            "metal": 0.9090909090909091,
            "pop": 0.47619047619047616,
            "reggae": 0.35294117647058826,
            "rock": 0.3333333333333333
        },
        "class_recall": {
            "blues": 0.6,
            "classical": 0.9,
            "country": 0.4,
            "disco": 0.1,
            "hiphop": 0.0,
            "jazz": 0.8,
            "metal": 1.0,
            "pop": 1.0,
            "reggae": 0.6,
            "rock": 0.2
        }
    },
    "concatenated_final": {
        "accuracy": 0.57,
        "class_precision": {
            "blues": 0.5454545454545454,
            "classical": 1.0,
            "country": 0.5,
            "disco": 0.5,
            "hiphop": 0.4,
            "jazz": 0.7,
            "metal": 0.8333333333333334,
            "pop": 0.4090909090909091,
            "reggae": 0.5,
            "rock": 0.2857142857142857
        },
        "class_recall": {
            "blues": 0.6,
            "classical": 0.9,
            "country": 0.4,
            "disco": 0.1,
            "hiphop": 0.2,
            "jazz": 0.7,
            "metal": 1.0,
            "pop": 0.9,
            "reggae": 0.7,
            "rock": 0.2
        }
    }
}